Date,MMMclose,AOSclose,ABTclose
2018-01-02,235.63999938964844,61.61000061035156,59.20000076293945
2018-01-03,235.6300048828125,61.9900016784668,59.02000045776367
2018-01-04,238.7100067138672,62.400001525878906,59.599998474121094
2018-01-05,240.57000732421875,63.0,59.09000015258789
2018-01-08,239.7899932861328,63.400001525878906,58.97999954223633
2018-01-09,241.27999877929688,63.65999984741211,59.099998474121094
2018-01-10,241.13999938964844,63.70000076293945,58.90999984741211
2018-01-11,242.30999755859375,64.7699966430664,58.959999084472656
2018-01-12,244.47000122070312,65.37000274658203,59.2400016784668
2018-01-16,244.74000549316406,66.19000244140625,59.13999938964844
2018-01-17,248.11000061035156,65.76000213623047,59.099998474121094
2018-01-18,245.91000366210938,66.11000061035156,59.27000045776367
2018-01-19,248.17999267578125,67.05000305175781,59.68000030517578
2018-01-22,247.3000030517578,67.06999969482422,59.56999969482422
2018-01-23,246.30999755859375,67.19000244140625,59.56999969482422
2018-01-24,247.69000244140625,67.6500015258789,64.16000366210938
2018-01-25,252.36000061035156,67.80999755859375,64.5999984741211
2018-01-26,258.6300048828125,68.12000274658203,63.439998626708984
2018-01-29,256.010009765625,68.38999938964844,63.470001220703125
2018-01-30,251.5399932861328,67.06999969482422,63.119998931884766
2018-01-31,250.5,67.44000244140625,62.7599983215332
2018-02-01,247.94000244140625,68.12000274658203,62.540000915527344
2018-02-02,245.1699981689453,66.4000015258789,62.41999816894531
2018-02-05,231.44000244140625,64.73999786376953,61.869998931884766
2018-02-06,233.6300048828125,62.709999084472656,59.2599983215332
2018-02-07,233.19000244140625,63.86000061035156,59.849998474121094
2018-02-08,222.88999938964844,62.83000183105469,58.83000183105469
2018-02-09,225.2100067138672,61.5099983215332,57.689998626708984
2018-02-12,229.19000244140625,62.529998779296875,57.97999954223633
2018-02-13,231.36000061035156,62.88999938964844,57.790000915527344
2018-02-14,232.0,64.12999725341797,58.400001525878906
2018-02-15,234.8699951171875,65.26000213623047,59.5099983215332
2018-02-16,236.6699981689453,66.37000274658203,60.540000915527344
2018-02-20,235.07000732421875,66.06999969482422,59.869998931884766
2018-02-21,232.17999267578125,66.88999938964844,59.9900016784668
2018-02-22,236.0,66.30000305175781,59.400001525878906
2018-02-23,237.02000427246094,66.58000183105469,59.7400016784668
2018-02-26,244.13999938964844,66.6500015258789,60.59000015258789
2018-02-27,240.77999877929688,66.7699966430664,61.2400016784668
2018-02-28,235.50999450683594,65.91000366210938,61.119998931884766
2018-03-01,231.33999633789062,64.20999908447266,60.18000030517578
2018-03-02,230.3699951171875,62.18000030517578,59.529998779296875
2018-03-05,232.80999755859375,63.029998779296875,60.630001068115234
2018-03-06,233.66000366210938,63.459999084472656,61.02000045776367
2018-03-07,235.57000732421875,64.1500015258789,61.41999816894531
2018-03-08,236.33999633789062,64.80999755859375,61.95000076293945
2018-03-09,241.35000610351562,66.5999984741211,63.70000076293945
2018-03-12,239.8000030517578,66.8499984741211,63.95000076293945
2018-03-13,237.57000732421875,66.6500015258789,63.95000076293945
2018-03-14,234.2899932861328,66.41999816894531,63.619998931884766
2018-03-15,235.8699951171875,65.62999725341797,63.130001068115234
2018-03-16,237.22000122070312,65.9000015258789,63.31999969482422
2018-03-19,231.55999755859375,65.62000274658203,63.2400016784668
2018-03-20,232.4499969482422,66.04000091552734,62.7599983215332
2018-03-21,234.13999938964844,66.4800033569336,63.06999969482422
2018-03-22,223.1699981689453,66.23999786376953,62.099998474121094
2018-03-23,215.36000061035156,64.80999755859375,61.099998474121094
2018-03-26,220.24000549316406,64.33000183105469,61.150001525878906
2018-03-27,215.8699951171875,64.4800033569336,61.619998931884766
2018-03-28,216.5399932861328,63.2400016784668,60.709999084472656
2018-03-29,219.52000427246094,64.11000061035156,60.380001068115234
2018-04-02,212.6199951171875,63.5,60.09000015258789
2018-04-03,216.3300018310547,63.16999816894531,59.06999969482422
2018-04-04,217.55999755859375,64.44999694824219,59.61000061035156
2018-04-05,218.6699981689453,65.5199966430664,60.150001525878906
2018-04-06,212.25,64.80999755859375,59.599998474121094
2018-04-09,212.80999755859375,63.9900016784668,59.11000061035156
2018-04-10,216.97999572753906,65.04000091552734,59.61000061035156
2018-04-11,214.3300018310547,64.1500015258789,59.04999923706055
2018-04-12,216.4199981689453,64.88999938964844,59.18000030517578
2018-04-13,215.52000427246094,64.5199966430664,59.380001068115234
2018-04-16,217.6999969482422,65.02999877929688,59.529998779296875
2018-04-17,220.08999633789062,65.94000244140625,59.959999084472656
2018-04-18,219.52000427246094,66.20999908447266,59.619998931884766
2018-04-19,218.85000610351562,65.88999938964844,60.029998779296875
2018-04-20,217.75,65.80999755859375,59.95000076293945
2018-04-23,215.8800048828125,65.58999633789062,59.459999084472656
2018-04-24,201.1300048828125,65.22000122070312,59.16999816894531
2018-04-25,198.83999633789062,64.05000305175781,58.66999816894531
2018-04-26,197.08999633789062,63.130001068115234,59.52000045776367
2018-04-27,196.1199951171875,62.61000061035156,59.689998626708984
2018-04-30,194.38999938964844,62.939998626708984,59.79999923706055
2018-05-01,195.02000427246094,61.599998474121094,58.869998931884766
2018-05-02,194.5,61.810001373291016,58.560001373291016
2018-05-03,195.67999267578125,61.380001068115234,57.939998626708984
2018-05-04,199.36000061035156,62.790000915527344,59.08000183105469
2018-05-07,200.25999450683594,63.029998779296875,59.7599983215332
2018-05-08,201.74000549316406,63.18000030517578,59.130001068115234
2018-05-09,203.4199981689453,63.709999084472656,59.58000183105469
2018-05-10,205.02999877929688,64.0999984741211,60.61000061035156
2018-05-11,205.16000366210938,64.62999725341797,61.29999923706055
2018-05-14,205.75999450683594,64.23999786376953,62.16999816894531
2018-05-15,202.41000366210938,63.40999984741211,61.58000183105469
2018-05-16,200.2100067138672,63.630001068115234,61.150001525878906
2018-05-17,200.36000061035156,63.439998626708984,61.15999984741211
2018-05-18,198.9600067138672,63.84000015258789,61.869998931884766
2018-05-21,201.75999450683594,64.5,62.4900016784668
2018-05-22,198.97000122070312,64.73999786376953,62.290000915527344
2018-05-23,198.6699981689453,63.95000076293945,61.970001220703125
2018-05-24,199.41000366210938,64.47000122070312,62.720001220703125
2018-05-25,199.02999877929688,64.72000122070312,62.58000183105469
2018-05-29,195.74000549316406,64.6500015258789,61.869998931884766
2018-05-30,198.67999267578125,64.77999877929688,62.650001525878906
2018-05-31,197.22999572753906,64.5,62.22999954223633
2018-06-01,199.58999633789062,64.19999694824219,62.4900016784668
2018-06-04,201.05999755859375,64.08000183105469,63.11000061035156
2018-06-05,201.1999969482422,63.15999984741211,63.29999923706055
2018-06-06,203.86000061035156,63.61000061035156,63.54999923706055
2018-06-07,205.07000732421875,64.0,63.849998474121094
2018-06-08,206.58999633789062,64.87999725341797,63.40999984741211
2018-06-11,205.1199951171875,65.1500015258789,63.47999954223633
2018-06-12,204.9199981689453,65.36000061035156,63.41999816894531
2018-06-13,204.88999938964844,65.56999969482422,63.16999816894531
2018-06-14,203.6300048828125,64.63999938964844,63.22999954223633
2018-06-15,204.97000122070312,63.7400016784668,63.08000183105469
2018-06-18,204.1699981689453,62.9900016784668,62.869998931884766
2018-06-19,199.38999938964844,62.22999954223633,62.40999984741211
2018-06-20,198.0800018310547,61.849998474121094,62.5
2018-06-21,195.52000427246094,61.59000015258789,62.099998474121094
2018-06-22,196.5,60.900001525878906,62.38999938964844
2018-06-25,195.8000030517578,59.93000030517578,61.77000045776367
2018-06-26,196.5800018310547,59.75,61.09000015258789
2018-06-27,194.9199981689453,60.34000015258789,62.13999938964844
2018-06-28,195.97000122070312,59.15999984741211,61.47999954223633
2018-06-29,196.72000122070312,59.779998779296875,61.869998931884766
2018-07-02,195.52000427246094,59.060001373291016,61.02000045776367
2018-07-03,195.8300018310547,59.810001373291016,61.22999954223633
2018-07-05,197.33999633789062,60.06999969482422,61.40999984741211
2018-07-06,197.4600067138672,60.16999816894531,62.400001525878906
2018-07-09,200.52999877929688,61.400001525878906,62.630001068115234
2018-07-10,201.47999572753906,61.439998626708984,63.119998931884766
2018-07-11,197.67999267578125,60.88999938964844,62.880001068115234
2018-07-12,199.32000732421875,59.97999954223633,62.79999923706055
2018-07-13,201.17999267578125,60.63999938964844,63.439998626708984
2018-07-16,201.11000061035156,60.13999938964844,63.0
2018-07-17,202.07000732421875,60.0099983215332,63.2599983215332
2018-07-18,202.1999969482422,60.2599983215332,65.5
2018-07-19,201.60000610351562,60.349998474121094,64.97000122070312
2018-07-20,201.9499969482422,60.560001373291016,64.04000091552734
2018-07-23,198.83999633789062,60.0,63.290000915527344
2018-07-24,200.67999267578125,60.36000061035156,64.61000061035156
2018-07-25,204.3800048828125,59.59000015258789,65.36000061035156
2018-07-26,207.9600067138672,60.27000045776367,65.9000015258789
2018-07-27,207.4199981689453,59.97999954223633,65.80000305175781
2018-07-30,205.1199951171875,59.959999084472656,65.51000213623047
2018-07-31,212.32000732421875,59.9900016784668,65.7699966430664
2018-08-01,207.0500030517578,59.52000045776367,65.75
2018-08-02,205.52999877929688,58.95000076293945,64.77999877929688
2018-08-03,207.2899932861328,59.119998931884766,65.23999786376953
2018-08-06,206.6999969482422,59.130001068115234,65.5
2018-08-07,208.57000732421875,59.7400016784668,65.31999969482422
2018-08-08,207.13999938964844,59.09000015258789,65.30999755859375
2018-08-09,204.77999877929688,58.959999084472656,65.06999969482422
2018-08-10,201.9600067138672,57.93000030517578,64.5999984741211
2018-08-13,199.83999633789062,57.56999969482422,64.31999969482422
2018-08-14,200.52000427246094,57.970001220703125,63.91999816894531
2018-08-15,201.38999938964844,58.08000183105469,63.560001373291016
2018-08-16,203.14999389648438,58.630001068115234,64.33999633789062
2018-08-17,204.77000427246094,58.439998626708984,64.91999816894531
2018-08-20,204.60000610351562,59.0,65.12999725341797
2018-08-21,205.69000244140625,59.22999954223633,65.06999969482422
2018-08-22,204.25999450683594,59.08000183105469,65.81999969482422
2018-08-23,202.75,58.380001068115234,66.16999816894531
2018-08-24,205.2899932861328,58.58000183105469,66.26000213623047
2018-08-27,208.3300018310547,59.47999954223633,66.88999938964844
2018-08-28,209.42999267578125,59.529998779296875,67.11000061035156
2018-08-29,210.4600067138672,59.4900016784668,67.36000061035156
2018-08-30,210.22000122070312,59.29999923706055,67.30999755859375
2018-08-31,210.9199981689453,58.5,67.23999786376953
2018-09-04,208.60000610351562,57.77000045776367,67.11000061035156
2018-09-05,211.8300018310547,57.90999984741211,66.95999908447266
2018-09-06,212.74000549316406,58.61000061035156,66.19999694824219
2018-09-07,212.57000732421875,58.5099983215332,66.45999908447266
2018-09-10,212.92999267578125,59.40999984741211,66.93000030517578
2018-09-11,211.77999877929688,58.939998626708984,66.81999969482422
2018-09-12,206.7100067138672,59.060001373291016,67.12000274658203
2018-09-13,209.0500030517578,59.630001068115234,68.54000091552734
2018-09-14,207.8800048828125,59.7400016784668,68.81999969482422
2018-09-17,209.52999877929688,59.65999984741211,68.41999816894531
2018-09-18,211.52999877929688,59.599998474121094,68.56999969482422
2018-09-19,213.1199951171875,60.810001373291016,68.95999908447266
2018-09-20,215.27000427246094,61.08000183105469,69.01000213623047
2018-09-21,216.3300018310547,61.0099983215332,69.25
2018-09-24,213.50999450683594,59.5099983215332,71.68000030517578
2018-09-25,210.63999938964844,57.79999923706055,72.2300033569336
2018-09-26,211.07000732421875,56.0,73.29000091552734
2018-09-27,210.11000061035156,55.220001220703125,73.18000030517578
2018-09-28,210.7100067138672,54.15999984741211,73.58000183105469
2018-10-01,212.19000244140625,54.709999084472656,74.1500015258789
2018-10-02,215.7100067138672,53.36000061035156,74.05000305175781
2018-10-03,215.75999450683594,53.459999084472656,73.9000015258789
2018-10-04,213.83999633789062,53.060001373291016,71.87000274658203
2018-10-05,213.19000244140625,52.540000915527344,72.45999908447266
2018-10-08,214.3699951171875,51.790000915527344,72.38999938964844
2018-10-09,210.4199981689453,51.86000061035156,71.58999633789062
2018-10-10,202.14999389648438,49.779998779296875,71.20999908447266
2018-10-11,196.72999572753906,49.22999954223633,69.47000122070312
2018-10-12,198.22999572753906,48.90999984741211,69.9800033569336
2018-10-15,198.94000244140625,47.97999954223633,69.37999725341797
2018-10-16,202.3300018310547,48.75,71.18000030517578
2018-10-17,202.92999267578125,48.65999984741211,70.69000244140625
2018-10-18,200.3800048828125,47.45000076293945,69.72000122070312
2018-10-19,199.85000610351562,46.779998779296875,68.6500015258789
2018-10-22,201.36000061035156,45.97999954223633,68.8499984741211
2018-10-23,192.5500030517578,45.650001525878906,69.04000091552734
2018-10-24,184.5399932861328,45.790000915527344,69.19999694824219
2018-10-25,184.99000549316406,45.54999923706055,68.33000183105469
2018-10-26,184.9499969482422,44.790000915527344,67.69000244140625
2018-10-29,185.7899932861328,44.810001373291016,68.37000274658203
2018-10-30,189.80999755859375,45.849998474121094,68.33999633789062
2018-10-31,190.25999450683594,47.15999984741211,69.91000366210938
2018-11-01,192.22000122070312,48.91999816894531,70.3499984741211
2018-11-02,192.80999755859375,48.83000183105469,71.37999725341797
2018-11-05,193.25,48.25,71.0
2018-11-06,195.3000030517578,47.9900016784668,71.0
2018-11-07,201.2899932861328,48.11000061035156,72.61000061035156
2018-11-08,204.07000732421875,47.95000076293945,73.08000183105469
2018-11-09,201.10000610351562,46.939998626708984,73.05999755859375
2018-11-12,197.0399932861328,45.939998626708984,72.9000015258789
2018-11-13,198.3699951171875,46.900001525878906,71.18000030517578
2018-11-14,198.05999755859375,46.56999969482422,70.47000122070312
2018-11-15,204.91000366210938,46.58000183105469,70.75
2018-11-16,209.0,46.439998626708984,72.33000183105469
2018-11-19,205.5800018310547,46.400001525878906,72.41000366210938
2018-11-20,200.50999450683594,46.22999954223633,70.75
2018-11-21,198.69000244140625,46.470001220703125,69.72000122070312
2018-11-23,196.8000030517578,46.060001373291016,68.68000030517578
2018-11-26,199.86000061035156,46.459999084472656,69.2699966430664
2018-11-27,200.69000244140625,47.47999954223633,69.75
2018-11-28,204.33999633789062,47.220001220703125,72.83999633789062
2018-11-29,204.55999755859375,47.18000030517578,73.69999694824219
2018-11-30,207.9199981689453,47.59000015258789,74.2300033569336
2018-12-03,208.75999450683594,49.290000915527344,74.91999816894531
2018-12-04,202.1999969482422,47.970001220703125,74.25
2018-12-06,202.67999267578125,44.630001068115234,71.54000091552734
2018-12-07,198.24000549316406,45.33000183105469,71.83000183105469
2018-12-10,198.32000732421875,44.040000915527344,71.30000305175781
2018-12-11,197.4600067138672,43.959999084472656,72.54000091552734
2018-12-12,199.80999755859375,43.52000045776367,73.86000061035156
2018-12-13,202.1300048828125,43.04999923706055,73.13999938964844
2018-12-14,196.10000610351562,42.459999084472656,71.5
2018-12-17,192.82000732421875,42.65999984741211,70.86000061035156
2018-12-18,194.55999755859375,43.52000045776367,70.9000015258789
2018-12-19,189.9600067138672,44.52000045776367,71.47000122070312
2018-12-20,187.3800048828125,43.54999923706055,68.9000015258789
2018-12-21,183.75,43.59000015258789,69.12999725341797
2018-12-24,178.6199951171875,42.77000045776367,67.05000305175781
2018-12-26,186.25999450683594,43.18000030517578,69.63999938964844
2018-12-27,190.6999969482422,43.13999938964844,70.62999725341797
2018-12-28,189.3699951171875,43.709999084472656,72.05000305175781
2018-12-31,190.5399932861328,43.34000015258789,72.76000213623047
2019-01-02,190.9499969482422,43.4900016784668,70.95999908447266
2019-01-03,183.75999450683594,43.13999938964844,68.87999725341797
2019-01-04,191.32000732421875,44.20000076293945,68.58000183105469
2019-01-07,190.8800048828125,45.349998474121094,69.86000061035156
2019-01-08,191.67999267578125,46.0099983215332,69.63999938964844
2019-01-09,192.3000030517578,46.970001220703125,69.8499984741211
2019-01-10,193.60000610351562,46.619998931884766,69.44000244140625
2019-01-11,192.2100067138672,46.650001525878906,69.36000061035156
2019-01-14,192.1699981689453,46.720001220703125,68.80000305175781
2019-01-15,188.94000244140625,46.709999084472656,70.5199966430664
2019-01-16,189.47999572753906,46.40999984741211,70.76000213623047
2019-01-17,191.7100067138672,46.59000015258789,70.97000122070312
2019-01-18,195.86000061035156,48.130001068115234,71.73999786376953
2019-01-22,192.25999450683594,47.84000015258789,71.66999816894531
2019-01-23,192.2899932861328,47.52000045776367,71.55000305175781
2019-01-24,192.52000427246094,46.849998474121094,71.0
2019-01-25,195.89999389648438,47.90999984741211,71.7699966430664
2019-01-28,193.1999969482422,48.400001525878906,70.62999725341797
2019-01-29,196.9499969482422,48.70000076293945,69.94000244140625
2019-01-30,199.27000427246094,47.849998474121094,71.80000305175781
2019-01-31,200.3000030517578,47.880001068115234,73.06999969482422
2019-02-01,199.16000366210938,48.529998779296875,73.23999786376953
2019-02-04,200.2100067138672,49.529998779296875,72.69000244140625
2019-02-05,201.1199951171875,49.75,73.29000091552734
2019-02-06,202.57000732421875,50.20000076293945,73.55999755859375
2019-02-07,199.83999633789062,50.11000061035156,73.05999755859375
2019-02-08,199.82000732421875,49.2599983215332,73.4800033569336
2019-02-11,200.91000366210938,49.7599983215332,73.83999633789062
2019-02-12,206.57000732421875,50.95000076293945,75.2300033569336
2019-02-13,209.72000122070312,51.65999984741211,75.2699966430664
2019-02-14,204.92999267578125,51.4900016784668,74.36000061035156
2019-02-15,208.86000061035156,52.0099983215332,75.4000015258789
2019-02-19,208.41000366210938,52.22999954223633,75.56999969482422
2019-02-20,208.52999877929688,52.54999923706055,75.56999969482422
2019-02-21,207.77000427246094,52.869998931884766,75.47000122070312
2019-02-22,209.35000610351562,53.22999954223633,76.44999694824219
2019-02-25,210.5800018310547,53.959999084472656,77.05000305175781
2019-02-26,209.3800048828125,53.31999969482422,77.12000274658203
2019-02-27,209.02999877929688,53.08000183105469,77.33000183105469
2019-02-28,207.38999938964844,52.63999938964844,78.05999755859375
2019-03-01,207.49000549316406,53.099998474121094,78.73999786376953
2019-03-04,206.86000061035156,53.06999969482422,78.97000122070312
2019-03-05,203.83999633789062,52.63999938964844,78.91000366210938
2019-03-06,202.8000030517578,52.380001068115234,78.22000122070312
2019-03-07,199.86000061035156,51.83000183105469,77.94999694824219
2019-03-08,200.88999938964844,51.0,76.68000030517578
2019-03-11,207.10000610351562,51.31999969482422,77.8499984741211
2019-03-12,205.8000030517578,51.72999954223633,78.4800033569336
2019-03-13,206.66000366210938,51.779998779296875,79.1500015258789
2019-03-14,207.3800048828125,51.4900016784668,79.06999969482422
2019-03-15,208.0800018310547,51.720001220703125,80.1500015258789
2019-03-18,208.49000549316406,52.189998626708984,79.94999694824219
2019-03-19,209.02000427246094,52.619998931884766,80.25
2019-03-20,208.3000030517578,52.45000076293945,80.43000030517578
2019-03-21,209.61000061035156,53.34000015258789,80.48999786376953
2019-03-22,204.66000366210938,52.75,80.0
2019-03-25,203.2100067138672,52.439998626708984,78.66999816894531
2019-03-26,207.24000549316406,52.150001525878906,79.51000213623047
2019-03-27,207.16000366210938,52.099998474121094,79.30999755859375
2019-03-28,208.52999877929688,52.7599983215332,79.66000366210938
2019-03-29,207.77999877929688,53.56999969482422,79.98999786376953
2019-04-01,211.94000244140625,54.59000015258789,80.73999786376953
2019-04-02,212.1300048828125,54.22999954223633,79.83000183105469
2019-04-03,213.1300048828125,54.900001525878906,80.0
2019-04-04,215.02999877929688,55.150001525878906,79.51000213623047
2019-04-05,215.41000366210938,55.209999084472656,79.36000061035156
2019-04-08,215.02000427246094,55.4900016784668,78.91000366210938
2019-04-09,211.9600067138672,54.959999084472656,78.95999908447266
2019-04-10,212.11000061035156,54.20000076293945,79.41999816894531
2019-04-11,213.52999877929688,54.939998626708984,79.2300033569336
2019-04-12,217.4199981689453,55.59000015258789,78.8499984741211
2019-04-15,215.8300018310547,55.7599983215332,78.45999908447266
2019-04-16,216.89999389648438,56.029998779296875,78.69999694824219
2019-04-17,217.63999938964844,56.369998931884766,76.29000091552734
2019-04-18,218.8800048828125,56.65999984741211,74.9000015258789
2019-04-22,218.5399932861328,56.5,74.5999984741211
2019-04-23,219.5,56.439998626708984,76.41000366210938
2019-04-24,219.0800018310547,56.4900016784668,76.87000274658203
2019-04-25,190.72000122070312,56.040000915527344,78.18000030517578
2019-04-26,191.6699981689453,55.90999984741211,78.56999969482422
2019-04-29,190.2100067138672,56.11000061035156,78.62999725341797
2019-04-30,189.50999450683594,53.959999084472656,79.69000244140625
2019-05-01,186.07000732421875,53.310001373291016,79.47000122070312
2019-05-02,184.75,53.02000045776367,78.87000274658203
2019-05-03,185.22000122070312,53.720001220703125,79.12999725341797
2019-05-06,183.0399932861328,52.810001373291016,79.16999816894531
2019-05-07,179.1199951171875,51.54999923706055,78.87000274658203
2019-05-08,178.58999633789062,51.439998626708984,76.97000122070312
2019-05-09,175.27999877929688,50.540000915527344,76.4800033569336
2019-05-10,175.86000061035156,50.43000030517578,76.66000366210938
2019-05-13,174.07000732421875,49.560001373291016,75.79000091552734
2019-05-14,175.2100067138672,48.86000061035156,76.7699966430664
2019-05-15,174.1199951171875,48.349998474121094,77.0199966430664
2019-05-16,171.80999755859375,48.189998626708984,77.37000274658203
2019-05-17,169.08999633789062,44.84000015258789,77.20999908447266
2019-05-20,166.25,43.720001220703125,75.95999908447266
2019-05-21,167.3000030517578,44.599998474121094,76.81999969482422
2019-05-22,169.74000549316406,44.709999084472656,76.58999633789062
2019-05-23,165.8699951171875,44.06999969482422,76.13999938964844
2019-05-24,166.08999633789062,44.2400016784668,77.08000183105469
2019-05-28,163.35000610351562,44.310001373291016,77.9800033569336
2019-05-29,161.39999389648438,42.70000076293945,75.97000122070312
2019-05-30,160.5800018310547,41.79999923706055,76.58999633789062
2019-05-31,159.75,41.11000061035156,76.5199966430664
2019-06-03,160.0399932861328,41.63999938964844,76.79000091552734
2019-06-04,164.2899932861328,43.209999084472656,77.61000061035156
2019-06-05,163.85000610351562,43.619998931884766,78.8499984741211
2019-06-06,164.72000122070312,43.43000030517578,80.43000030517578
2019-06-07,166.61000061035156,44.02000045776367,81.16000366210938
2019-06-10,168.2899932861328,44.75,81.5
2019-06-11,168.91000366210938,44.93000030517578,82.0
2019-06-12,169.00999450683594,45.2400016784668,81.97000122070312
2019-06-13,168.85000610351562,45.65999984741211,82.33000183105469
2019-06-14,166.69000244140625,45.72999954223633,82.86000061035156
2019-06-17,166.77999877929688,45.79999923706055,82.58000183105469
2019-06-18,171.86000061035156,46.33000183105469,83.58999633789062
2019-06-19,170.75,45.40999984741211,84.5
2019-06-20,173.94000244140625,45.93000030517578,85.31999969482422
2019-06-21,173.35000610351562,46.189998626708984,85.36000061035156
2019-06-24,173.3800048828125,46.52000045776367,85.33000183105469
2019-06-25,172.02999877929688,46.2400016784668,85.44999694824219
2019-06-26,171.8800048828125,46.400001525878906,84.37000274658203
2019-06-27,171.5,46.68000030517578,83.9800033569336
2019-06-28,173.33999633789062,47.310001373291016,84.26000213623047
2019-07-01,174.50999450683594,48.0099983215332,84.9800033569336
2019-07-02,174.02000427246094,47.119998931884766,84.95999908447266
2019-07-03,174.97999572753906,47.11000061035156,85.6500015258789
2019-07-05,172.0,47.06999969482422,85.5
2019-07-08,169.19000244140625,46.70000076293945,85.27999877929688
2019-07-09,165.6999969482422,45.5,85.37000274658203
2019-07-10,165.6999969482422,45.25,85.87999725341797
2019-07-11,169.0399932861328,45.04999923706055,85.98999786376953
2019-07-12,173.33999633789062,45.5,85.44000244140625
2019-07-15,172.83999633789062,45.279998779296875,84.23999786376953
2019-07-16,176.49000549316406,45.279998779296875,84.23999786376953
2019-07-17,174.6699981689453,45.22999954223633,86.75
2019-07-18,173.05999755859375,44.58000183105469,87.83999633789062
2019-07-19,172.61000061035156,44.470001220703125,88.33000183105469
2019-07-22,174.63999938964844,44.09000015258789,88.70999908447266
2019-07-23,177.52000427246094,44.7599983215332,88.76000213623047
2019-07-24,179.4199981689453,45.22999954223633,88.69000244140625
2019-07-25,178.1300048828125,45.7400016784668,88.47000122070312
2019-07-26,173.97999572753906,45.119998931884766,88.62000274658203
2019-07-29,176.75999450683594,45.08000183105469,88.62000274658203
2019-07-30,177.6300048828125,45.349998474121094,88.7300033569336
2019-07-31,174.72000122070312,46.439998626708984,88.4000015258789
2019-08-01,173.36000061035156,45.779998779296875,88.05999755859375
2019-08-02,170.5500030517578,44.13999938964844,86.19999694824219
2019-08-05,164.7100067138672,43.66999816894531,84.87999725341797
2019-08-06,163.7100067138672,44.91999816894531,84.88999938964844
2019-08-07,163.63999938964844,45.56999969482422,85.0
2019-08-08,164.22000122070312,46.06999969482422,86.2699966430664
2019-08-09,163.47000122070312,45.959999084472656,87.05000305175781
2019-08-12,162.10000610351562,45.630001068115234,86.51000213623047
2019-08-13,164.8800048828125,46.83000183105469,87.0999984741211
2019-08-14,158.80999755859375,45.099998474121094,86.30999755859375
2019-08-15,156.83999633789062,46.2599983215332,84.7300033569336
2019-08-16,161.5,46.88999938964844,85.08000183105469
2019-08-19,162.9499969482422,47.36000061035156,86.12999725341797
2019-08-20,161.00999450683594,46.689998626708984,86.01000213623047
2019-08-21,161.14999389648438,46.91999816894531,85.1500015258789
2019-08-22,160.8800048828125,47.13999938964844,85.30999755859375
2019-08-23,155.85000610351562,46.2599983215332,84.25
2019-08-26,156.1199951171875,45.5,83.18000030517578
2019-08-27,155.75,45.459999084472656,84.19999694824219
2019-08-28,157.5500030517578,45.209999084472656,84.26000213623047
2019-08-29,160.36000061035156,46.29999923706055,85.11000061035156
2019-08-30,161.72000122070312,46.90999984741211,85.62000274658203
2019-09-03,158.63999938964844,46.189998626708984,84.63999938964844
2019-09-04,160.07000732421875,46.459999084472656,84.69999694824219
2019-09-05,164.22999572753906,47.88999938964844,86.16000366210938
2019-09-06,163.94000244140625,48.130001068115234,86.43000030517578
2019-09-09,165.94000244140625,49.2400016784668,86.43000030517578
2019-09-10,168.86000061035156,49.83000183105469,83.4800033569336
2019-09-11,168.0800018310547,50.869998931884766,84.55999755859375
2019-09-12,170.5800018310547,51.779998779296875,85.98999786376953
2019-09-13,171.44000244140625,51.939998626708984,85.36000061035156
2019-09-16,169.6699981689453,50.0099983215332,83.91000366210938
2019-09-17,168.07000732421875,49.310001373291016,84.5
2019-09-18,167.44000244140625,49.25,84.16000366210938
2019-09-19,167.07000732421875,49.06999969482422,84.25
2019-09-20,166.75999450683594,48.72999954223633,83.87999725341797
2019-09-23,166.75999450683594,47.959999084472656,83.72000122070312
2019-09-24,164.74000549316406,48.2400016784668,84.02999877929688
2019-09-25,164.0,48.029998779296875,83.05000305175781
2019-09-26,163.8300018310547,47.91999816894531,83.37999725341797
2019-09-27,164.52999877929688,47.959999084472656,83.33999633789062
2019-09-30,164.39999389648438,48.099998474121094,84.38999938964844
2019-10-01,158.3800048828125,48.869998931884766,84.7699966430664
2019-10-02,155.64999389648438,46.380001068115234,81.55000305175781
2019-10-03,155.22999572753906,45.099998474121094,81.12999725341797
2019-10-04,155.82000732421875,45.599998474121094,82.31999969482422
2019-10-07,153.52000427246094,45.97999954223633,81.9800033569336
2019-10-08,150.74000549316406,45.7599983215332,80.55999755859375
2019-10-09,150.99000549316406,45.689998626708984,79.80999755859375
2019-10-10,152.30999755859375,46.66999816894531,80.45999908447266
2019-10-11,158.10000610351562,48.52000045776367,81.33000183105469
2019-10-14,160.50999450683594,48.02000045776367,80.19000244140625
2019-10-15,162.97999572753906,48.59000015258789,82.75
2019-10-16,162.17999267578125,48.97999954223633,83.69000244140625
2019-10-17,163.5399932861328,50.189998626708984,83.0
2019-10-18,163.10000610351562,51.04999923706055,83.31999969482422
2019-10-21,165.94000244140625,51.779998779296875,83.27999877929688
2019-10-22,167.5399932861328,52.029998779296875,82.27999877929688
2019-10-23,168.75999450683594,51.70000076293945,81.5999984741211
2019-10-24,161.88999938964844,51.15999984741211,82.08999633789062
2019-10-25,166.08999633789062,51.63999938964844,81.97000122070312
2019-10-28,169.05999755859375,51.47999954223633,82.88999938964844
2019-10-29,168.80999755859375,50.66999816894531,83.87000274658203
2019-10-30,168.3699951171875,50.599998474121094,84.08999633789062
2019-10-31,164.99000549316406,50.41999816894531,84.3499984741211
2019-11-01,170.08999633789062,50.5099983215332,84.29000091552734
2019-11-04,174.89999389648438,50.959999084472656,83.20999908447266
2019-11-05,175.27000427246094,51.939998626708984,82.9000015258789
2019-11-06,174.0,52.06999969482422,83.44000244140625
2019-11-07,174.52000427246094,52.61000061035156,83.58000183105469
2019-11-08,173.14999389648438,52.20000076293945,83.88999938964844
2019-11-11,170.11000061035156,52.13999938964844,83.9000015258789
2019-11-12,170.83999633789062,52.36000061035156,84.77999877929688
2019-11-13,170.5500030517578,52.02000045776367,84.41999816894531
2019-11-14,170.92999267578125,51.880001068115234,84.38999938964844
2019-11-15,171.8800048828125,52.06999969482422,85.70999908447266
2019-11-18,170.5399932861328,50.84000015258789,85.9000015258789
2019-11-19,170.67999267578125,49.41999816894531,84.63999938964844
2019-11-20,167.77000427246094,48.54999923706055,84.7300033569336
2019-11-21,165.13999938964844,48.63999938964844,83.80000305175781
2019-11-22,167.60000610351562,48.540000915527344,84.0199966430664
2019-11-25,170.24000549316406,49.0,84.80999755859375
2019-11-26,169.22999572753906,48.84000015258789,85.56999969482422
2019-11-27,170.61000061035156,49.130001068115234,85.97000122070312
2019-11-29,169.77000427246094,48.93000030517578,85.6500015258789
2019-12-02,168.27000427246094,48.68000030517578,85.72000122070312
2019-12-03,165.1699981689453,47.349998474121094,84.41999816894531
2019-12-04,167.13999938964844,47.38999938964844,85.33999633789062
2019-12-05,164.3699951171875,47.0,85.41999816894531
2019-12-06,171.47000122070312,47.5,85.91000366210938
2019-12-09,169.8300018310547,46.400001525878906,85.41999816894531
2019-12-10,167.66000366210938,45.65999984741211,84.62999725341797
2019-12-11,168.74000549316406,45.689998626708984,85.04000091552734
2019-12-12,168.55999755859375,46.88999938964844,86.27999877929688
2019-12-13,168.7899932861328,47.779998779296875,86.70999908447266
2019-12-16,170.75,47.04999923706055,87.0999984741211
2019-12-17,169.92999267578125,47.029998779296875,87.30000305175781
2019-12-18,169.02999877929688,47.20000076293945,87.2699966430664
2019-12-19,172.14999389648438,47.65999984741211,87.3499984741211
2019-12-20,175.3699951171875,47.790000915527344,89.23999786376953
2019-12-23,178.47000122070312,47.72999954223633,87.45999908447266
2019-12-24,176.67999267578125,47.630001068115234,87.4800033569336
2019-12-26,176.58999633789062,47.7599983215332,87.5199966430664
2019-12-27,177.25999450683594,48.040000915527344,87.75
2019-12-30,175.8300018310547,48.060001373291016,87.79000091552734
2019-12-31,176.4199981689453,48.02000045776367,86.98999786376953
2020-01-02,180.0,47.97999954223633,86.95999908447266
2020-01-03,178.4499969482422,47.5,86.66999816894531
2020-01-06,178.6199951171875,47.66999816894531,86.36000061035156
2020-01-07,177.89999389648438,47.7400016784668,86.30000305175781
2020-01-08,180.6300048828125,47.810001373291016,86.66000366210938
2020-01-09,181.1999969482422,47.52000045776367,86.68000030517578
2020-01-10,180.47000122070312,48.0099983215332,86.98999786376953
2020-01-13,180.9199981689453,48.59000015258789,85.7300033569336
2020-01-14,181.3699951171875,48.56999969482422,86.0
2020-01-15,179.77999877929688,47.209999084472656,87.8499984741211
2020-01-16,181.00999450683594,47.70000076293945,88.30999755859375
2020-01-17,181.35000610351562,47.939998626708984,89.19999694824219
2020-01-21,179.38999938964844,47.369998931884766,90.04000091552734
2020-01-22,178.02999877929688,48.150001525878906,92.44999694824219
2020-01-23,177.74000549316406,47.0099983215332,91.8499984741211
2020-01-24,178.14999389648438,47.029998779296875,91.52999877929688
2020-01-27,175.6300048828125,45.22999954223633,90.0
2020-01-28,165.5800018310547,46.290000915527344,90.02999877929688
2020-01-29,162.0,46.36000061035156,90.2300033569336
2020-01-30,162.50999450683594,43.91999816894531,89.20999908447266
2020-01-31,158.66000366210938,43.720001220703125,89.2300033569336
2020-02-03,156.58999633789062,43.13999938964844,88.4000015258789
2020-02-04,157.24000549316406,43.560001373291016,89.25
2020-02-05,162.3300018310547,43.959999084472656,89.61000061035156
2020-02-06,162.88999938964844,44.189998626708984,90.08000183105469
2020-02-07,160.0800018310547,43.02000045776367,89.51000213623047
2020-02-10,160.14999389648438,43.150001525878906,88.30000305175781
2020-02-11,162.4499969482422,44.38999938964844,89.41000366210938
2020-02-12,163.8000030517578,44.70000076293945,89.58999633789062
2020-02-13,159.75999450683594,44.20000076293945,89.04000091552734
2020-02-14,161.00999450683594,44.34000015258789,89.70999908447266
2020-02-18,158.8800048828125,44.220001220703125,89.48999786376953
2020-02-19,159.33999633789062,44.560001373291016,89.93000030517578
2020-02-20,158.55999755859375,44.689998626708984,89.55999755859375
2020-02-21,156.92999267578125,44.290000915527344,88.25
2020-02-24,152.5500030517578,43.41999816894531,85.66999816894531
2020-02-25,146.85000610351562,41.93000030517578,85.37000274658203
2020-02-26,148.9600067138672,41.18000030517578,82.87999725341797
2020-02-27,150.16000366210938,42.560001373291016,82.02999877929688
2020-02-28,149.24000549316406,40.459999084472656,78.16000366210938
2020-03-02,153.02000427246094,41.029998779296875,81.68000030517578
2020-03-03,145.24000549316406,41.86000061035156,83.5
2020-03-04,153.97999572753906,40.58000183105469,82.33000183105469
2020-03-05,151.41000366210938,41.83000183105469,81.47000122070312
2020-03-06,153.64999389648438,42.86000061035156,82.30000305175781
2020-03-09,144.05999755859375,42.810001373291016,79.33999633789062
2020-03-10,153.3000030517578,42.2400016784668,81.0
2020-03-11,147.24000549316406,41.189998626708984,79.06999969482422
2020-03-12,133.5800018310547,40.4900016784668,78.1500015258789
2020-03-13,141.67999267578125,41.56999969482422,82.66999816894531
2020-03-16,130.91000366210938,39.56999969482422,79.25
2020-03-17,134.44000244140625,39.439998626708984,79.79000091552734
2020-03-18,137.02000427246094,39.459999084472656,81.98999786376953
2020-03-19,137.50999450683594,38.029998779296875,81.80999755859375
2020-03-20,124.88999938964844,37.150001525878906,74.86000061035156
2020-03-23,117.87000274658203,35.97999954223633,67.48999786376953
2020-03-24,132.72000122070312,37.470001220703125,69.97000122070312
2020-03-25,131.5399932861328,37.810001373291016,72.62999725341797
2020-03-26,136.17999267578125,38.16999816894531,75.97000122070312
2020-03-27,133.24000549316406,37.70000076293945,77.5
2020-03-30,137.74000549316406,38.88999938964844,84.4000015258789
2020-03-31,136.50999450683594,39.060001373291016,81.48999786376953
2020-04-01,133.13999938964844,36.9900016784668,77.37999725341797
2020-04-02,137.91000366210938,37.06999969482422,79.66000366210938
2020-04-03,133.7899932861328,36.93000030517578,79.98999786376953
2020-04-06,140.6999969482422,38.5099983215332,83.12000274658203
2020-04-07,144.60000610351562,40.439998626708984,84.4800033569336
2020-04-08,148.99000549316406,40.90999984741211,85.38999938964844
2020-04-09,147.77999877929688,41.41999816894531,86.5
2020-04-13,146.39999389648438,40.439998626708984,86.4800033569336
2020-04-14,150.13999938964844,41.13999938964844,89.54000091552734
2020-04-15,145.16000366210938,40.5,91.9000015258789
2020-04-16,144.89999389648438,40.209999084472656,96.98999786376953
2020-04-17,146.4600067138672,41.380001068115234,97.75
2020-04-20,143.6699981689453,40.9900016784668,100.0
2020-04-21,141.6300048828125,39.95000076293945,96.97000122070312
2020-04-22,143.61000061035156,39.52000045776367,95.9800033569336
2020-04-23,144.3300018310547,40.119998931884766,97.44999694824219
2020-04-24,147.0,40.459999084472656,94.58000183105469
2020-04-27,153.64999389648438,42.689998626708984,95.9000015258789
2020-04-28,157.61000061035156,44.029998779296875,95.1500015258789
2020-04-29,156.25999450683594,44.18000030517578,93.05000305175781
2020-04-30,151.9199981689453,43.66999816894531,93.7699966430664
2020-05-01,148.60000610351562,42.529998779296875,91.36000061035156
2020-05-04,148.39999389648438,42.060001373291016,90.16000366210938
2020-05-05,147.42999267578125,42.689998626708984,93.66000366210938
2020-05-06,146.1999969482422,44.369998931884766,93.43000030517578
2020-05-07,145.74000549316406,43.959999084472656,94.54000091552734
2020-05-08,148.50999450683594,44.9900016784668,94.94000244140625
2020-05-11,145.72999572753906,44.36000061035156,96.48999786376953
2020-05-12,141.52000427246094,43.959999084472656,96.68000030517578
2020-05-13,136.1199951171875,41.939998626708984,94.66999816894531
2020-05-14,135.99000549316406,40.349998474121094,91.77999877929688
2020-05-15,138.69000244140625,41.58000183105469,91.16000366210938
2020-05-18,149.27000427246094,43.790000915527344,93.0
2020-05-19,148.3800048828125,43.380001068115234,90.5
2020-05-20,149.67999267578125,42.75,90.41999816894531
2020-05-21,145.80999755859375,42.939998626708984,90.61000061035156
2020-05-22,146.44000244140625,42.810001373291016,91.54000091552734
2020-05-26,152.0800018310547,45.209999084472656,93.29000091552734
2020-05-27,158.14999389648438,47.310001373291016,90.77999877929688
2020-05-28,156.82000732421875,47.7400016784668,93.33000183105469
2020-05-29,156.44000244140625,47.56999969482422,95.58999633789062
2020-06-01,155.5800018310547,47.63999938964844,93.95999908447266
2020-06-02,157.63999938964844,47.880001068115234,93.1500015258789
2020-06-03,161.2100067138672,49.9900016784668,92.69999694824219
2020-06-04,162.5500030517578,50.599998474121094,91.33999633789062
2020-06-05,167.41000366210938,52.400001525878906,89.95999908447266
2020-06-08,166.8699951171875,52.70000076293945,92.61000061035156
2020-06-09,166.6999969482422,50.52000045776367,92.81999969482422
2020-06-10,163.89999389648438,49.29999923706055,92.75
2020-06-11,152.3800048828125,47.689998626708984,92.5
2020-06-12,154.8699951171875,48.15999984741211,90.19000244140625
2020-06-15,157.72999572753906,47.90999984741211,90.3499984741211
2020-06-16,159.6699981689453,49.47999954223633,91.76000213623047
2020-06-17,159.22000122070312,48.34000015258789,91.66999816894531
2020-06-18,159.2100067138672,48.2400016784668,91.33999633789062
2020-06-19,158.14999389648438,48.79999923706055,92.4000015258789
2020-06-22,156.69000244140625,47.58000183105469,90.6500015258789
2020-06-23,157.83999633789062,47.86000061035156,92.30000305175781
2020-06-24,152.22000122070312,47.189998626708984,90.7300033569336
2020-06-25,154.6699981689453,44.97999954223633,89.80999755859375
2020-06-26,152.52000427246094,45.20000076293945,89.94999694824219
2020-06-29,155.57000732421875,46.68000030517578,89.69999694824219
2020-06-30,155.99000549316406,47.439998626708984,91.9000015258789
2020-07-01,155.42999267578125,47.36000061035156,91.9800033569336
2020-07-02,157.0399932861328,47.77000045776367,93.05999755859375
2020-07-06,158.10000610351562,48.599998474121094,93.97000122070312
2020-07-07,154.82000732421875,48.29999923706055,93.4000015258789
2020-07-08,154.5800018310547,48.220001220703125,93.66999816894531
2020-07-09,151.4499969482422,48.06999969482422,94.87999725341797
2020-07-10,152.85000610351562,48.709999084472656,93.80000305175781
2020-07-13,154.8000030517578,49.02000045776367,95.62000274658203
2020-07-14,158.5399932861328,49.939998626708984,94.9800033569336
2020-07-15,159.3300018310547,50.9900016784668,97.12999725341797
2020-07-16,160.5,51.16999816894531,97.98999786376953
2020-07-17,159.8300018310547,51.099998474121094,100.0
2020-07-20,156.3699951171875,50.72999954223633,100.70999908447266
2020-07-21,157.8000030517578,51.34000015258789,99.4800033569336
2020-07-22,158.7100067138672,51.599998474121094,100.56999969482422
2020-07-23,159.2899932861328,52.0,101.9800033569336
2020-07-24,159.83999633789062,51.61000061035156,100.20999908447266
2020-07-27,163.24000549316406,53.13999938964844,100.27999877929688
2020-07-28,155.3300018310547,52.849998474121094,100.79000091552734
2020-07-29,156.25,53.720001220703125,102.88999938964844
2020-07-30,152.1199951171875,52.279998779296875,101.58000183105469
2020-07-31,150.47000122070312,49.310001373291016,101.37000274658203
2020-08-03,150.41000366210938,49.150001525878906,101.55000305175781
2020-08-04,151.2100067138672,48.33000183105469,100.68000030517578
2020-08-05,155.35000610351562,48.189998626708984,102.36000061035156
2020-08-06,156.0,48.88999938964844,101.80000305175781
2020-08-07,158.3300018310547,48.91999816894531,102.30000305175781
2020-08-10,161.44000244140625,49.099998474121094,101.26000213623047
2020-08-11,163.3800048828125,50.40999984741211,100.43000030517578
2020-08-12,164.25999450683594,50.61000061035156,101.0999984741211
2020-08-13,165.86000061035156,49.709999084472656,101.2699966430664
2020-08-14,166.10000610351562,49.970001220703125,101.22000122070312
2020-08-17,164.7100067138672,50.220001220703125,101.41999816894531
2020-08-18,164.3800048828125,50.040000915527344,101.72000122070312
2020-08-19,163.97000122070312,49.86000061035156,101.62000274658203
2020-08-20,162.97000122070312,49.27000045776367,102.0199966430664
2020-08-21,161.7100067138672,49.130001068115234,102.54000091552734
2020-08-24,163.52999877929688,49.84000015258789,103.2300033569336
2020-08-25,163.10000610351562,49.939998626708984,102.9000015258789
2020-08-26,163.89999389648438,49.790000915527344,103.29000091552734
2020-08-27,164.0800018310547,49.869998931884766,114.0
2020-08-28,165.66000366210938,49.439998626708984,114.19999694824219
2020-08-31,163.02000427246094,49.75,111.73999786376953
2020-09-01,164.8000030517578,49.349998474121094,109.06999969482422
2020-09-02,169.50999450683594,50.459999084472656,109.91000366210938
2020-09-03,166.30999755859375,50.400001525878906,108.94000244140625
2020-09-04,165.77000427246094,49.5,106.04000091552734
2020-09-08,163.1699981689453,48.31999969482422,103.81999969482422
2020-09-09,165.6999969482422,48.38999938964844,106.93000030517578
2020-09-10,163.14999389648438,48.81999969482422,105.5999984741211
2020-09-11,166.1699981689453,49.20000076293945,105.69999694824219
2020-09-14,168.4600067138672,50.130001068115234,106.66000366210938
2020-09-15,166.57000732421875,50.81999969482422,107.52999877929688
2020-09-16,169.50999450683594,52.189998626708984,107.37000274658203
2020-09-17,172.3800048828125,54.189998626708984,106.75
2020-09-18,169.5500030517578,54.029998779296875,107.98999786376953
2020-09-21,161.36000061035156,52.709999084472656,106.45999908447266
2020-09-22,162.33999633789062,52.86000061035156,105.5199966430664
2020-09-23,159.50999450683594,53.72999954223633,104.98999786376953
2020-09-24,160.4199981689453,53.27000045776367,103.52999877929688
2020-09-25,160.27000427246094,52.900001525878906,103.61000061035156
2020-09-28,161.66000366210938,53.63999938964844,105.25
2020-09-29,159.80999755859375,54.459999084472656,106.41000366210938
2020-09-30,160.17999267578125,54.02000045776367,109.4800033569336
2020-10-01,158.7899932861328,54.06999969482422,110.33000183105469
2020-10-02,160.36000061035156,54.189998626708984,108.66000366210938
2020-10-05,162.75,55.220001220703125,108.6500015258789
2020-10-06,162.22999572753906,55.209999084472656,108.7699966430664
2020-10-07,166.49000549316406,54.470001220703125,108.18000030517578
2020-10-08,167.7100067138672,57.0099983215332,109.12999725341797
2020-10-09,169.3000030517578,57.630001068115234,109.97000122070312
2020-10-12,168.64999389648438,58.04999923706055,111.56999969482422
2020-10-13,166.6300048828125,56.54999923706055,110.98999786376953
2020-10-14,168.39999389648438,56.06999969482422,109.83000183105469
2020-10-15,169.0800018310547,55.88999938964844,107.73999786376953
2020-10-16,170.97000122070312,56.54999923706055,110.37999725341797
2020-10-19,169.5500030517578,55.52000045776367,111.04000091552734
2020-10-20,170.9499969482422,55.939998626708984,109.88999938964844
2020-10-21,169.1699981689453,55.380001068115234,109.0
2020-10-22,170.7100067138672,55.119998931884766,110.05000305175781
2020-10-23,169.8000030517578,55.0,110.0
2020-10-26,166.16000366210938,54.38999938964844,109.16000366210938
2020-10-27,161.02999877929688,54.08000183105469,109.75
2020-10-28,158.52999877929688,53.36000061035156,107.41000366210938
2020-10-29,158.47999572753906,55.0,106.58000183105469
2020-10-30,159.9600067138672,53.77000045776367,105.55000305175781
2020-11-02,162.94000244140625,52.90999984741211,108.69999694824219
2020-11-03,165.50999450683594,54.189998626708984,110.80000305175781
2020-11-04,160.16000366210938,53.38999938964844,114.2300033569336
2020-11-05,163.1999969482422,54.43000030517578,114.83999633789062
2020-11-06,163.02000427246094,54.84000015258789,115.13999938964844
2020-11-09,163.42999267578125,57.400001525878906,113.20999908447266
2020-11-10,169.13999938964844,55.2400016784668,111.58999633789062
2020-11-11,169.2100067138672,55.150001525878906,112.94999694824219
2020-11-12,167.0500030517578,54.68000030517578,112.86000061035156
2020-11-13,169.7899932861328,55.630001068115234,113.08999633789062
2020-11-16,173.86000061035156,56.459999084472656,113.75
2020-11-17,173.63999938964844,56.619998931884766,114.62000274658203
2020-11-18,171.39999389648438,57.150001525878906,113.70999908447266
2020-11-19,171.61000061035156,56.970001220703125,111.19999694824219
2020-11-20,172.88999938964844,56.709999084472656,111.76000213623047
2020-11-23,174.13999938964844,57.689998626708984,111.5199966430664
2020-11-24,177.0800018310547,58.65999984741211,109.58999633789062
2020-11-25,177.1199951171875,57.63999938964844,108.4000015258789
2020-11-27,176.88999938964844,57.369998931884766,107.75
2020-11-30,172.72999572753906,56.91999816894531,108.55000305175781
2020-12-01,170.52000427246094,57.04999923706055,109.5999984741211
2020-12-02,171.85000610351562,55.369998931884766,108.62999725341797
2020-12-03,171.8300018310547,55.130001068115234,108.63999938964844
2020-12-04,172.4600067138672,55.38999938964844,108.2699966430664
2020-12-07,170.14999389648438,55.560001373291016,108.30000305175781
2020-12-08,172.4600067138672,56.099998474121094,107.23999786376953
2020-12-09,175.2899932861328,57.7400016784668,107.69000244140625
2020-12-10,173.49000549316406,57.720001220703125,107.08999633789062
2020-12-11,174.02000427246094,56.650001525878906,107.3499984741211
2020-12-14,173.0800018310547,57.2400016784668,109.16999816894531
2020-12-15,174.67999267578125,56.4900016784668,108.41000366210938
2020-12-16,175.41000366210938,56.900001525878906,108.20999908447266
2020-12-17,176.64999389648438,55.79999923706055,108.94000244140625
2020-12-18,176.4199981689453,55.70000076293945,109.61000061035156
2020-12-21,175.66000366210938,56.130001068115234,108.18000030517578
2020-12-22,174.77999877929688,55.939998626708984,109.04000091552734
2020-12-23,173.99000549316406,55.5099983215332,109.68000030517578
2020-12-24,174.52000427246094,55.5,108.94999694824219
2020-12-28,174.7100067138672,56.099998474121094,109.0999984741211
2020-12-29,173.85000610351562,55.88999938964844,108.94000244140625
2020-12-30,174.11000061035156,55.36000061035156,109.12000274658203
2020-12-31,174.7899932861328,54.869998931884766,109.63999938964844
2021-01-04,171.8699951171875,55.599998474121094,110.25
2021-01-05,171.5800018310547,54.58000183105469,110.91000366210938
2021-01-06,174.19000244140625,56.88999938964844,111.02999877929688
2021-01-07,169.72000122070312,56.970001220703125,111.62000274658203
2021-01-08,166.6199951171875,57.33000183105469,112.55000305175781
2021-01-11,165.1999969482422,57.380001068115234,111.9800033569336
2021-01-12,166.50999450683594,58.970001220703125,110.72000122070312
2021-01-13,166.27999877929688,58.83000183105469,112.9000015258789
2021-01-14,166.41000366210938,58.529998779296875,111.66000366210938
2021-01-15,165.5500030517578,57.209999084472656,111.62000274658203
2021-01-19,169.1199951171875,57.90999984741211,113.12999725341797
2021-01-20,170.22000122070312,57.93000030517578,113.52999877929688
2021-01-21,170.6699981689453,58.43000030517578,113.54000091552734
2021-01-22,169.0399932861328,58.09000015258789,113.51000213623047
2021-01-25,170.38999938964844,57.689998626708984,115.4000015258789
2021-01-26,175.9499969482422,57.5,115.12000274658203
2021-01-27,186.64999389648438,54.13999938964844,117.77999877929688
2021-01-28,183.4199981689453,60.45000076293945,124.06999969482422
2021-01-29,175.66000366210938,56.810001373291016,124.72000122070312
2021-02-01,174.6999969482422,56.18000030517578,124.81999969482422
2021-02-02,175.02000427246094,57.810001373291016,123.72000122070312
2021-02-03,175.47999572753906,57.900001525878906,120.88999938964844
2021-02-04,177.10000610351562,58.779998779296875,120.87000274658203
2021-02-05,179.00999450683594,60.040000915527344,124.31999969482422
2021-02-08,180.75999450683594,61.41999816894531,125.80000305175781
2021-02-09,180.94000244140625,61.959999084472656,125.27999877929688
2021-02-10,181.0800018310547,61.63999938964844,126.19999694824219
2021-02-11,177.2100067138672,61.70000076293945,126.87000274658203
2021-02-12,178.6999969482422,61.279998779296875,128.5399932861328
2021-02-16,176.6300048828125,60.40999984741211,128.5
2021-02-17,176.64999389648438,59.65999984741211,128.0
2021-02-18,179.3699951171875,59.38999938964844,126.66000366210938
2021-02-19,176.5399932861328,60.04999923706055,125.38999938964844
2021-02-22,176.1199951171875,61.88999938964844,122.94999694824219
2021-02-23,176.1699981689453,62.099998474121094,123.18000030517578
2021-02-24,177.6300048828125,62.290000915527344,122.91000366210938
2021-02-25,178.75999450683594,61.77000045776367,122.76000213623047
2021-02-26,175.05999755859375,60.88999938964844,122.36000061035156
2021-03-01,176.41000366210938,61.290000915527344,122.94999694824219
2021-03-02,177.11000061035156,60.97999954223633,123.0999984741211
2021-03-03,178.05999755859375,63.04999923706055,121.88999938964844
2021-03-04,177.6300048828125,62.4900016784668,119.80999755859375
2021-03-05,180.8000030517578,62.56999969482422,117.58000183105469
2021-03-08,183.77000427246094,64.20999908447266,118.27999877929688
2021-03-09,181.17999267578125,64.37000274658203,119.33999633789062
2021-03-10,184.50999450683594,65.3499984741211,119.19999694824219
2021-03-11,184.57000732421875,65.5,117.87000274658203
2021-03-12,184.9199981689453,65.83000183105469,117.2699966430664
2021-03-15,189.47999572753906,65.29000091552734,118.22000122070312
2021-03-16,186.85000610351562,65.73999786376953,119.44000244140625
2021-03-17,188.3000030517578,67.12000274658203,118.22000122070312
2021-03-18,191.0,68.16000366210938,119.1500015258789
2021-03-19,188.7100067138672,67.97000122070312,120.98999786376953
2021-03-22,189.47000122070312,67.77999877929688,122.22000122070312
2021-03-23,188.3300018310547,68.47000122070312,122.1500015258789
2021-03-24,190.69000244140625,66.88999938964844,120.44999694824219
2021-03-25,193.10000610351562,67.04000091552734,119.5
2021-03-26,194.8800048828125,69.58999633789062,122.30000305175781
2021-03-29,195.74000549316406,70.12999725341797,122.73999786376953
2021-03-30,194.63999938964844,69.97000122070312,122.48999786376953
2021-03-31,192.67999267578125,69.30999755859375,121.44999694824219
2021-04-01,192.6999969482422,68.05999755859375,120.87000274658203
2021-04-05,194.97000122070312,68.16000366210938,120.3499984741211
2021-04-06,194.83999633789062,69.02999877929688,122.01000213623047
2021-04-07,194.9499969482422,69.0,120.87999725341797
2021-04-08,195.72000122070312,67.48999786376953,121.56999969482422
2021-04-09,198.0,67.5199966430664,120.93000030517578
2021-04-12,197.8300018310547,68.44999694824219,121.37000274658203
2021-04-13,196.47000122070312,68.16999816894531,123.63999938964844
2021-04-14,196.75,67.94000244140625,122.83000183105469
2021-04-15,197.47999572753906,67.76000213623047,124.68000030517578
2021-04-16,198.5800018310547,68.3499984741211,124.61000061035156
2021-04-19,198.58999633789062,68.5199966430664,125.41999816894531
2021-04-20,198.3000030517578,68.08999633789062,122.0
2021-04-21,200.8800048828125,67.97000122070312,122.8499984741211
2021-04-22,200.89999389648438,68.94000244140625,124.81999969482422
2021-04-23,202.1999969482422,68.87000274658203,124.11000061035156
2021-04-26,199.6300048828125,69.56999969482422,123.4000015258789
2021-04-27,194.4499969482422,68.19000244140625,122.55000305175781
2021-04-28,195.92999267578125,68.18000030517578,121.91999816894531
2021-04-29,199.0500030517578,68.98999786376953,121.51000213623047
2021-04-30,197.13999938964844,69.01000213623047,121.1500015258789
2021-05-03,198.61000061035156,70.63999938964844,120.66000366210938
2021-05-04,199.3800048828125,71.56999969482422,119.29000091552734
2021-05-05,201.44000244140625,72.0,118.87000274658203
2021-05-06,202.41000366210938,71.55000305175781,118.87999725341797
2021-05-07,203.07000732421875,71.73999786376953,120.41999816894531
2021-05-10,207.3300018310547,73.05000305175781,119.94999694824219
2021-05-11,203.72000122070312,71.58999633789062,119.26000213623047
2021-05-12,198.8699951171875,70.91000366210938,117.5999984741211
2021-05-13,203.41000366210938,71.61000061035156,118.02999877929688
2021-05-14,204.3800048828125,72.06999969482422,118.81999969482422
2021-05-17,205.11000061035156,72.23999786376953,118.3499984741211
2021-05-18,203.02999877929688,71.18000030517578,118.0
2021-05-19,202.60000610351562,68.75,116.43000030517578
2021-05-20,201.64999389648438,69.18000030517578,117.97000122070312
2021-05-21,201.86000061035156,70.06999969482422,118.94999694824219
2021-05-24,202.61000061035156,69.88999938964844,118.26000213623047
2021-05-25,201.7100067138672,70.16000366210938,119.23999786376953
2021-05-26,201.5800018310547,70.08999633789062,118.27999877929688
2021-05-27,203.24000549316406,71.20999908447266,117.56999969482422
2021-05-28,203.0399932861328,71.61000061035156,117.81999969482422
2021-06-01,203.1999969482422,72.11000061035156,111.30000305175781
2021-06-02,203.2899932861328,71.86000061035156,107.93000030517578
2021-06-03,203.6699981689453,71.41999816894531,109.66999816894531
2021-06-04,206.0500030517578,69.3499984741211,109.91000366210938
2021-06-07,203.72999572753906,69.38999938964844,110.87999725341797
2021-06-08,203.58999633789062,68.69999694824219,110.5
2021-06-09,202.74000549316406,68.58999633789062,109.52999877929688
2021-06-10,203.1300048828125,69.06999969482422,110.25
2021-06-11,202.80999755859375,68.98999786376953,110.33000183105469
2021-06-14,201.36000061035156,69.18000030517578,110.55999755859375
2021-06-15,200.61000061035156,69.72000122070312,111.4000015258789
2021-06-16,196.91000366210938,69.26000213623047,111.11000061035156
2021-06-17,195.13999938964844,68.6500015258789,111.98999786376953
2021-06-18,191.60000610351562,66.68000030517578,111.3499984741211
2021-06-21,195.2100067138672,67.88999938964844,112.16999816894531
2021-06-22,195.13999938964844,68.26000213623047,111.91999816894531
2021-06-23,192.36000061035156,68.72000122070312,111.26000213623047
2021-06-24,193.25999450683594,68.58000183105469,113.48999786376953
2021-06-25,194.75,69.31999969482422,113.26000213623047
2021-06-28,196.5,70.66000366210938,116.36000061035156
2021-06-29,196.02999877929688,71.7300033569336,118.83999633789062
2021-06-30,198.6300048828125,72.31999969482422,117.18000030517578
2021-07-01,199.08999633789062,72.41999816894531,117.29000091552734
2021-07-02,199.88999938964844,71.93000030517578,118.25
2021-07-06,196.88999938964844,71.19000244140625,119.06999969482422
2021-07-07,199.86000061035156,72.18000030517578,119.9800033569336
2021-07-08,198.27000427246094,71.30000305175781,119.43000030517578
2021-07-09,201.0,71.62000274658203,120.23999786376953
2021-07-12,199.97999572753906,71.44000244140625,119.69000244140625
2021-07-13,199.60000610351562,71.30999755859375,119.26000213623047
2021-07-14,202.8300018310547,71.58000183105469,118.30000305175781
2021-07-15,202.58999633789062,71.36000061035156,117.16000366210938
2021-07-16,199.3699951171875,71.23999786376953,117.80999755859375
2021-07-19,197.55999755859375,69.37000274658203,119.33000183105469
2021-07-20,200.82000732421875,70.5,120.0
2021-07-21,200.77000427246094,70.9800033569336,119.29000091552734
2021-07-22,199.07000732421875,70.80999755859375,118.75
2021-07-23,200.49000549316406,69.68000030517578,121.0999984741211
2021-07-26,201.6699981689453,70.01000213623047,120.48999786376953
2021-07-27,200.47000122070312,70.51000213623047,121.2300033569336
2021-07-28,198.27999877929688,70.41000366210938,121.06999969482422
2021-07-29,198.1699981689453,70.68000030517578,121.4000015258789
2021-07-30,197.94000244140625,70.66000366210938,121.41999816894531
2021-08-02,197.52000427246094,71.08000183105469,121.77999877929688
2021-08-03,201.02999877929688,71.83000183105469,122.55000305175781
2021-08-04,197.52999877929688,71.75,122.6500015258789
2021-08-05,197.8000030517578,72.33000183105469,122.36000061035156
2021-08-06,198.1300048828125,72.18000030517578,122.20999908447266
2021-08-09,197.42999267578125,71.81999969482422,123.26000213623047
2021-08-10,199.25,72.06999969482422,123.55999755859375
2021-08-11,201.57000732421875,72.75,123.4000015258789
2021-08-12,201.42999267578125,72.41000366210938,123.25
2021-08-13,200.5800018310547,72.0,123.2300033569336
2021-08-16,202.32000732421875,73.08000183105469,124.69999694824219
2021-08-17,199.5500030517578,72.43000030517578,126.37999725341797
2021-08-18,196.50999450683594,71.31999969482422,126.08000183105469
2021-08-19,195.36000061035156,70.48999786376953,126.38999938964844
2021-08-20,194.16000366210938,71.30999755859375,126.9800033569336
2021-08-23,194.67999267578125,71.63999938964844,127.30000305175781
2021-08-24,194.75,71.87000274658203,125.91000366210938
2021-08-25,194.33999633789062,72.44000244140625,125.91000366210938
2021-08-26,195.32000732421875,72.25,126.2699966430664
2021-08-27,195.0500030517578,72.55999755859375,126.26000213623047
2021-08-30,196.1699981689453,73.30000305175781,126.19000244140625
2021-08-31,194.74000549316406,73.19999694824219,127.20999908447266
2021-09-01,193.44000244140625,72.87000274658203,127.45999908447266
2021-09-02,194.88999938964844,73.72000122070312,128.85000610351562
2021-09-03,194.38999938964844,73.80999755859375,129.39999389648438
2021-09-07,185.5800018310547,73.12999725341797,128.49000549316406
2021-09-08,187.88999938964844,72.20999908447266,129.52000427246094
2021-09-09,185.75,72.41999816894531,129.14999389648438
2021-09-10,184.5500030517578,71.52999877929688,129.44000244140625
2021-09-13,185.22999572753906,71.0,129.6999969482422
2021-09-14,182.4199981689453,70.0,127.98999786376953
2021-09-15,184.19000244140625,68.76000213623047,128.17999267578125
2021-09-16,182.66000366210938,68.44999694824219,127.97000122070312
2021-09-17,181.49000549316406,66.47000122070312,127.80000305175781
2021-09-20,180.52999877929688,64.55000305175781,126.56999969482422
2021-09-21,178.4199981689453,64.93000030517578,126.77999877929688
2021-09-22,179.83999633789062,64.69999694824219,125.73999786376953
2021-09-23,181.52999877929688,65.05999755859375,125.9000015258789
2021-09-24,181.0399932861328,64.55000305175781,125.4800033569336
2021-09-27,181.7899932861328,65.12000274658203,123.5
2021-09-28,180.0500030517578,64.86000061035156,119.76000213623047
2021-09-29,180.8800048828125,64.05000305175781,120.05999755859375
2021-09-30,175.4199981689453,64.19999694824219,120.66999816894531
2021-10-01,176.67999267578125,61.83000183105469,118.43000030517578
2021-10-04,176.0399932861328,61.56999969482422,117.56999969482422
2021-10-05,177.8800048828125,64.02999877929688,116.94999694824219
2021-10-06,178.39999389648438,63.810001373291016,116.56999969482422
2021-10-07,177.8000030517578,65.33000183105469,118.70999908447266
2021-10-08,176.9499969482422,65.05000305175781,119.33000183105469
2021-10-11,176.27999877929688,65.05000305175781,118.94000244140625
2021-10-12,175.52999877929688,65.52999877929688,118.30999755859375
2021-10-13,177.1699981689453,64.19999694824219,118.2300033569336
2021-10-14,180.32000732421875,65.36000061035156,117.68000030517578
2021-10-15,181.94000244140625,66.27999877929688,118.33000183105469
2021-10-18,181.72000122070312,65.9800033569336,117.48999786376953
2021-10-19,182.30999755859375,65.95999908447266,120.18000030517578
2021-10-20,182.4199981689453,66.8499984741211,124.80000305175781
2021-10-21,182.1199951171875,66.94999694824219,125.5999984741211
2021-10-22,180.8000030517578,67.61000061035156,126.83999633789062
2021-10-25,182.39999389648438,67.66000366210938,126.8499984741211
2021-10-26,182.16000366210938,66.88999938964844,128.77999877929688
2021-10-27,178.24000549316406,66.37000274658203,129.39999389648438
2021-10-28,179.8699951171875,72.72000122070312,128.94000244140625
2021-10-29,178.67999267578125,73.13999938964844,129.00999450683594
2021-11-01,179.5800018310547,75.52999877929688,129.52999877929688
2021-11-02,181.97000122070312,78.70999908447266,129.52999877929688
2021-11-03,182.22999572753906,79.29000091552734,128.74000549316406
2021-11-04,180.61000061035156,78.54000091552734,129.49000549316406
2021-11-05,181.8000030517578,79.62000274658203,127.31999969482422
2021-11-08,181.5399932861328,78.68000030517578,127.2300033569336
2021-11-09,181.3300018310547,78.94999694824219,127.5
2021-11-10,182.4199981689453,78.83000183105469,128.11000061035156
2021-11-11,180.2100067138672,79.87999725341797,128.9600067138672
2021-11-12,183.66000366210938,82.25,128.85000610351562
2021-11-15,183.30999755859375,82.0,130.1999969482422
2021-11-16,183.3699951171875,83.5999984741211,131.60000610351562
2021-11-17,183.33999633789062,82.94000244140625,130.6999969482422
2021-11-18,178.77000427246094,82.95999908447266,129.42999267578125
2021-11-19,179.22999572753906,83.04000091552734,128.52999877929688
2021-11-22,179.66000366210938,83.4800033569336,126.80000305175781
2021-11-23,179.4600067138672,83.38999938964844,124.88999938964844
2021-11-24,177.6300048828125,82.93000030517578,125.27999877929688
2021-11-26,175.52000427246094,81.76000213623047,129.75
2021-11-29,176.22999572753906,81.87999725341797,128.94000244140625
2021-11-30,170.0399932861328,81.0,128.7899932861328
2021-12-01,170.72999572753906,82.56999969482422,128.47999572753906
2021-12-02,170.25999450683594,81.98999786376953,129.85000610351562
2021-12-03,172.58999633789062,82.43000030517578,130.4600067138672
2021-12-06,177.1999969482422,83.0,133.27999877929688
2021-12-07,176.5500030517578,83.62000274658203,134.0800018310547
2021-12-08,176.0399932861328,83.41999816894531,133.4499969482422
2021-12-09,175.94000244140625,83.36000061035156,133.11000061035156
2021-12-10,177.10000610351562,84.02999877929688,134.5
2021-12-13,174.5800018310547,84.16000366210938,137.0
2021-12-14,174.72000122070312,83.88999938964844,136.0
2021-12-15,175.77999877929688,83.73999786376953,135.6699981689453
2021-12-16,178.30999755859375,84.77999877929688,136.61000061035156
2021-12-17,174.75,83.55999755859375,139.27000427246094
2021-12-20,172.63999938964844,80.31999969482422,137.80999755859375
2021-12-21,172.9199981689453,81.06999969482422,137.17999267578125
2021-12-22,172.63999938964844,81.68000030517578,139.02000427246094
2021-12-23,174.97000122070312,83.06999969482422,140.22999572753906
2021-12-27,176.6999969482422,84.75,142.60000610351562
2021-12-28,177.63999938964844,85.68000030517578,141.7100067138672
2021-12-29,178.41000366210938,86.23999786376953,141.66000366210938
2021-12-30,177.63999938964844,86.73999786376953,141.75
2021-12-31,177.6300048828125,86.25,141.77000427246094
2022-01-03,177.74000549316406,86.08000183105469,139.8300018310547
2022-01-04,180.22999572753906,86.0999984741211,139.64999389648438
2022-01-05,179.49000549316406,85.91999816894531,137.02999877929688
2022-01-06,178.0,84.83000183105469,136.2100067138672
2022-01-07,179.9499969482422,84.4800033569336,136.17999267578125
2022-01-10,177.41000366210938,83.26000213623047,135.5
2022-01-11,178.97999572753906,84.0199966430664,135.97000122070312
2022-01-12,179.4199981689453,84.7300033569336,135.6999969482422
2022-01-13,181.02000427246094,84.94999694824219,132.8300018310547
2022-01-14,178.74000549316406,82.0,130.58999633789062
2022-01-18,178.27999877929688,80.94999694824219,127.93000030517578
2022-01-19,178.47999572753906,81.16000366210938,127.58000183105469
2022-01-20,173.57000732421875,80.83999633789062,127.91000366210938
2022-01-21,172.64999389648438,78.88999938964844,127.08999633789062
2022-01-24,172.8000030517578,78.95999908447266,124.5
2022-01-25,173.75,77.08999633789062,124.62000274658203
2022-01-26,169.3000030517578,77.0999984741211,121.68000030517578
2022-01-27,170.16000366210938,78.91999816894531,123.16999816894531
2022-01-28,163.10000610351562,75.55000305175781,125.52999877929688
2022-01-31,166.02000427246094,76.5199966430664,127.95999908447266
2022-02-01,167.42999267578125,77.30999755859375,127.66000366210938
2022-02-02,166.66000366210938,76.08999633789062,130.74000549316406
2022-02-03,164.38999938964844,75.43000030517578,130.94000244140625
2022-02-04,160.72999572753906,74.55000305175781,130.52000427246094
2022-02-07,161.1699981689453,74.87000274658203,129.9499969482422
2022-02-08,162.41000366210938,75.51000213623047,128.94000244140625
2022-02-09,163.63999938964844,75.52999877929688,130.7899932861328
2022-02-10,159.74000549316406,74.38999938964844,129.9199981689453
2022-02-11,159.5399932861328,72.93000030517578,128.9199981689453
2022-02-14,158.00999450683594,72.30999755859375,125.56999969482422
2022-02-15,157.33999633789062,73.22000122070312,125.41999816894531
2022-02-16,155.6300048828125,72.86000061035156,124.11000061035156
2022-02-17,148.63999938964844,72.38999938964844,123.18000030517578
2022-02-18,147.6199951171875,71.8499984741211,120.30999755859375
2022-02-22,146.75,71.80000305175781,119.33000183105469
2022-02-23,144.3800048828125,70.4000015258789,118.83999633789062
2022-02-24,143.6999969482422,67.81999969482422,118.91999816894531
2022-02-25,150.50999450683594,69.41999816894531,122.93000030517578
2022-02-28,148.64999389648438,68.88999938964844,121.05999755859375
2022-03-01,144.75,68.5199966430664,121.16000366210938
2022-03-02,147.22000122070312,69.69999694824219,121.05000305175781
2022-03-03,148.3000030517578,69.69000244140625,122.06999969482422
2022-03-04,146.72999572753906,68.52999877929688,121.76000213623047
2022-03-07,143.27999877929688,68.80000305175781,120.88999938964844
2022-03-08,145.39999389648438,68.16000366210938,119.0199966430664
2022-03-09,146.60000610351562,68.44000244140625,119.19999694824219
2022-03-10,143.92999267578125,67.08000183105469,117.80999755859375
2022-03-11,140.9600067138672,67.69999694824219,118.05999755859375
2022-03-14,143.47999572753906,66.56999969482422,117.20999908447266
2022-03-15,144.30999755859375,66.61000061035156,117.79000091552734
2022-03-16,145.50999450683594,67.95999908447266,119.54000091552734
2022-03-17,147.69000244140625,68.01000213623047,121.23999786376953
2022-03-18,148.32000732421875,68.33000183105469,122.66999816894531
2022-03-21,148.5800018310547,68.58000183105469,123.0999984741211
2022-03-22,149.94000244140625,68.52999877929688,122.52999877929688
2022-03-23,147.67999267578125,67.54000091552734,121.23999786376953
2022-03-24,148.97999572753906,66.29000091552734,117.87999725341797
2022-03-25,150.4600067138672,67.05000305175781,119.30999755859375
2022-03-28,149.47000122070312,67.0,120.0
2022-03-29,152.0800018310547,67.72000122070312,122.06999969482422
2022-03-30,151.42999267578125,67.20999908447266,120.73999786376953
2022-03-31,148.8800048828125,66.72000122070312,120.48999786376953
2022-04-01,149.69000244140625,65.91000366210938,118.97000122070312
2022-04-04,149.52999877929688,67.31999969482422,118.9800033569336
2022-04-05,148.89999389648438,67.41000366210938,121.19000244140625
2022-04-06,150.3000030517578,64.81999969482422,120.19000244140625
2022-04-07,149.9499969482422,64.36000061035156,124.20999908447266
2022-04-08,149.80999755859375,63.9900016784668,124.36000061035156
2022-04-11,150.1199951171875,64.0,123.5
2022-04-12,148.5800018310547,65.80999755859375,120.61000061035156
2022-04-13,148.66000366210938,65.04000091552734,119.80999755859375
2022-04-14,147.3800048828125,65.44999694824219,120.25
2022-04-18,146.17999267578125,64.48999786376953,118.33000183105469
2022-04-19,150.10000610351562,65.51000213623047,120.2300033569336
2022-04-20,150.58999633789062,66.48999786376953,124.05000305175781
2022-04-21,151.77000427246094,67.19999694824219,124.3499984741211
2022-04-22,149.1699981689453,66.2699966430664,123.18000030517578
2022-04-25,148.60000610351562,64.7300033569336,120.30999755859375
2022-04-26,144.22000122070312,64.54000091552734,119.63999938964844
2022-04-27,144.2100067138672,63.400001525878906,118.58000183105469
2022-04-28,147.13999938964844,62.970001220703125,118.73999786376953
2022-04-29,144.22000122070312,60.470001220703125,117.7699966430664
2022-05-02,145.91000366210938,60.27000045776367,114.0199966430664
2022-05-03,148.0800018310547,60.13999938964844,114.33999633789062
2022-05-04,154.22999572753906,61.72999954223633,116.33000183105469
2022-05-05,149.4600067138672,61.279998779296875,115.0
2022-05-06,149.52999877929688,59.58000183105469,113.66999816894531
2022-05-09,152.3800048828125,60.540000915527344,111.19999694824219
2022-05-10,149.1199951171875,60.75,109.62999725341797
2022-05-11,146.41000366210938,59.5,108.0199966430664
2022-05-12,149.58999633789062,59.06999969482422,108.0199966430664
2022-05-13,149.3000030517578,60.7599983215332,110.51000213623047
2022-05-16,150.5,59.720001220703125,110.5199966430664
2022-05-17,152.33999633789062,60.52000045776367,115.43000030517578
2022-05-18,148.92999267578125,59.959999084472656,114.69999694824219
2022-05-19,146.9600067138672,59.29999923706055,113.01000213623047
2022-05-20,143.8300018310547,59.22999954223633,113.72000122070312
2022-05-23,144.3800048828125,58.650001525878906,115.36000061035156
2022-05-24,145.75,58.560001373291016,115.16000366210938
2022-05-25,145.7899932861328,59.060001373291016,114.94000244140625
2022-05-26,147.0399932861328,60.0099983215332,115.51000213623047
2022-05-27,149.50999450683594,61.220001220703125,116.91999816894531
2022-05-31,149.2899932861328,61.0,118.08999633789062
2022-06-01,146.4199981689453,61.060001373291016,118.0
2022-06-02,148.17999267578125,61.70000076293945,117.61000061035156
2022-06-03,145.97000122070312,61.0099983215332,117.55000305175781
2022-06-06,146.2100067138672,62.13999938964844,118.2300033569336
2022-06-07,146.8699951171875,62.189998626708984,117.2300033569336
2022-06-08,145.4199981689453,61.779998779296875,116.1500015258789
2022-06-09,144.17999267578125,62.279998779296875,115.44000244140625
2022-06-10,137.64999389648438,59.849998474121094,111.4800033569336
2022-06-13,136.3699951171875,57.189998626708984,108.0999984741211
2022-06-14,135.25,56.5099983215332,105.4000015258789
2022-06-15,134.3300018310547,56.88999938964844,106.08000183105469
2022-06-16,130.94000244140625,55.06999969482422,102.75
2022-06-17,129.83999633789062,54.290000915527344,103.69000244140625
2022-06-21,130.00999450683594,53.59000015258789,104.94999694824219
2022-06-22,130.39999389648438,53.349998474121094,106.58000183105469
2022-06-23,130.14999389648438,54.18000030517578,106.77999877929688
2022-06-24,134.3300018310547,56.060001373291016,109.63999938964844
2022-06-27,132.8000030517578,56.189998626708984,110.0999984741211
2022-06-28,130.3300018310547,56.75,109.93000030517578
2022-06-29,129.77000427246094,55.27000045776367,109.66999816894531
2022-06-30,129.41000366210938,55.31999969482422,109.08000183105469
2022-07-01,128.49000549316406,56.33000183105469,110.47000122070312
2022-07-05,129.2100067138672,57.459999084472656,109.48999786376953
2022-07-06,129.83999633789062,58.54999923706055,109.5
2022-07-07,130.0500030517578,59.68000030517578,109.62000274658203
2022-07-08,128.72000122070312,59.5099983215332,109.91999816894531
2022-07-11,129.00999450683594,57.560001373291016,109.4000015258789
2022-07-12,130.1999969482422,57.75,110.37000274658203
2022-07-13,128.3699951171875,55.83000183105469,106.97000122070312
2022-07-14,128.30999755859375,54.31999969482422,105.91999816894531
2022-07-15,130.1300048828125,56.93000030517578,108.9800033569336
2022-07-18,128.91000366210938,57.18000030517578,108.95999908447266
2022-07-19,132.1300048828125,57.599998474121094,110.0
2022-07-20,133.00999450683594,57.93000030517578,108.81999969482422
2022-07-21,133.9499969482422,58.970001220703125,110.72000122070312
2022-07-22,134.1199951171875,59.540000915527344,112.0
2022-07-25,134.1199951171875,59.45000076293945,109.33000183105469
2022-07-26,140.75,59.209999084472656,109.87999725341797
2022-07-27,138.86000061035156,60.68000030517578,110.63999938964844
2022-07-28,140.3699951171875,61.88999938964844,111.3499984741211
2022-07-29,143.24000549316406,63.63999938964844,109.87000274658203
2022-08-01,143.36000061035156,62.79999923706055,109.9000015258789
2022-08-02,141.75,62.04999923706055,110.9000015258789
2022-08-03,143.49000549316406,61.58000183105469,109.97000122070312
2022-08-04,148.1199951171875,62.060001373291016,110.62000274658203
2022-08-05,147.41000366210938,60.630001068115234,109.31999969482422
2022-08-08,148.47999572753906,61.86000061035156,109.9800033569336
2022-08-09,147.83999633789062,61.380001068115234,108.80000305175781
2022-08-10,149.3800048828125,61.849998474121094,110.37999725341797
2022-08-11,149.66000366210938,63.06999969482422,112.12999725341797
2022-08-12,152.24000549316406,63.90999984741211,111.52999877929688
2022-08-15,151.42999267578125,64.12000274658203,112.30999755859375
2022-08-16,150.25999450683594,65.08999633789062,112.52999877929688
2022-08-17,147.42999267578125,64.7699966430664,112.12999725341797
2022-08-18,146.67999267578125,64.75,110.93000030517578
2022-08-19,145.1999969482422,64.08000183105469,110.80000305175781
2022-08-22,141.58999633789062,62.060001373291016,109.30999755859375
2022-08-23,141.75,61.4900016784668,106.87000274658203
2022-08-24,141.0399932861328,61.04999923706055,106.16999816894531
2022-08-25,142.75999450683594,61.52000045776367,105.95999908447266
2022-08-26,129.13999938964844,61.779998779296875,106.30000305175781
2022-08-29,126.44000244140625,58.220001220703125,102.61000061035156
2022-08-30,124.86000061035156,58.290000915527344,102.72000122070312
2022-08-31,124.3499984741211,57.59000015258789,104.05000305175781
2022-09-01,125.62999725341797,56.459999084472656,104.9000015258789
2022-09-02,121.6500015258789,57.61000061035156,105.6500015258789
2022-09-06,116.5999984741211,56.56999969482422,103.93000030517578
2022-09-07,120.55000305175781,57.310001373291016,104.97000122070312
2022-09-08,119.2699966430664,56.97999954223633,107.56999969482422
2022-09-09,123.0999984741211,57.880001068115234,109.06999969482422
2022-09-12,124.25,57.08000183105469,109.66999816894531
2022-09-13,120.47000122070312,55.130001068115234,107.58000183105469
2022-09-14,117.52999877929688,54.2400016784668,106.79000091552734
2022-09-15,116.41999816894531,53.709999084472656,107.08000183105469
2022-09-16,116.61000061035156,52.459999084472656,105.0
2022-09-19,116.63999938964844,52.7599983215332,104.11000061035156
2022-09-20,116.5199966430664,52.400001525878906,103.02999877929688
2022-09-21,114.80999755859375,52.52000045776367,103.91999816894531
2022-09-22,114.13999938964844,51.150001525878906,101.83000183105469
2022-09-23,112.98999786376953,50.349998474121094,100.88999938964844
2022-09-26,113.0,50.189998626708984,100.6500015258789
2022-09-27,112.41000366210938,50.41999816894531,100.7300033569336
2022-09-28,114.27999877929688,50.689998626708984,99.2699966430664
2022-09-29,112.30000305175781,49.849998474121094,99.18000030517578
2022-09-30,110.5,49.369998931884766,99.5
2022-10-03,113.22000122070312,50.91999816894531,100.19000244140625
2022-10-04,115.62000274658203,52.369998931884766,103.20999908447266
2022-10-05,115.16999816894531,52.099998474121094,103.95999908447266
2022-10-06,111.12000274658203,51.66999816894531,103.20999908447266
2022-10-07,107.5199966430664,50.279998779296875,105.08999633789062
2022-10-10,108.45999908447266,50.13999938964844,102.31999969482422
2022-10-11,108.83999633789062,49.90999984741211,102.75
2022-10-12,108.94999694824219,49.59000015258789,101.91000366210938
2022-10-13,114.26000213623047,49.38999938964844,103.08000183105469
2022-10-14,113.62999725341797,49.599998474121094,103.91999816894531
2022-10-17,113.86000061035156,51.869998931884766,103.94999694824219
2022-10-18,115.94999694824219,52.970001220703125,106.66999816894531
2022-10-19,114.19999694824219,51.81999969482422,101.16999816894531
2022-10-20,113.11000061035156,51.16999816894531,97.73999786376953
2022-10-21,116.80999755859375,50.290000915527344,95.5199966430664
2022-10-24,118.37999725341797,51.310001373291016,98.48999786376953
2022-10-25,118.5,52.189998626708984,98.9000015258789
2022-10-26,122.69999694824219,52.900001525878906,99.5199966430664
2022-10-27,122.80000305175781,53.79999923706055,98.66999816894531
2022-10-28,126.5999984741211,54.4900016784668,100.0199966430664
2022-10-31,125.79000091552734,55.18000030517578,99.5
2022-11-01,125.30000305175781,55.720001220703125,100.31999969482422
2022-11-02,122.86000061035156,55.83000183105469,101.2300033569336
2022-11-03,122.8499984741211,54.779998779296875,97.01000213623047
2022-11-04,124.83999633789062,56.220001220703125,98.2300033569336
2022-11-07,124.68000030517578,57.029998779296875,100.04000091552734
2022-11-08,125.3499984741211,57.369998931884766,100.26000213623047
2022-11-09,123.83000183105469,55.900001525878906,101.2699966430664
2022-11-10,129.14999389648438,59.40999984741211,104.44000244140625
2022-11-11,132.97999572753906,60.7400016784668,105.91000366210938
2022-11-14,131.02999877929688,60.15999984741211,104.30999755859375
2022-11-15,131.22000122070312,61.22999954223633,104.4800033569336
2022-11-16,128.74000549316406,60.439998626708984,105.30000305175781
2022-11-17,127.1500015258789,60.130001068115234,103.08999633789062
2022-11-18,126.76000213623047,61.40999984741211,104.19000244140625
2022-11-21,127.62999725341797,61.58000183105469,104.9000015258789
2022-11-22,128.60000610351562,62.209999084472656,105.0
2022-11-23,128.0,62.38999938964844,106.47000122070312
2022-11-25,129.0399932861328,62.20000076293945,107.3499984741211
2022-11-28,124.63999938964844,61.650001525878906,107.75
2022-11-29,126.12999725341797,60.75,105.37999725341797
2022-11-30,125.97000122070312,60.7400016784668,107.69999694824219
2022-12-01,125.98999786376953,62.0099983215332,108.6500015258789
2022-12-02,126.98999786376953,60.650001525878906,108.13999938964844
2022-12-05,124.62999725341797,60.029998779296875,107.05999755859375
2022-12-06,124.58000183105469,60.2599983215332,105.41000366210938
2022-12-07,126.3499984741211,59.68000030517578,105.48999786376953
2022-12-08,126.0,59.189998626708984,107.08999633789062
2022-12-09,125.76000213623047,59.09000015258789,108.4800033569336
2022-12-12,126.8499984741211,58.529998779296875,109.58999633789062
2022-12-13,127.29000091552734,60.81999969482422,112.69999694824219
2022-12-14,126.08999633789062,60.119998931884766,112.91000366210938
2022-12-15,122.37999725341797,58.06999969482422,110.0
2022-12-16,121.69000244140625,56.54999923706055,107.8499984741211
2022-12-19,122.12999725341797,56.84000015258789,107.18000030517578
2022-12-20,120.80999755859375,56.720001220703125,106.98999786376953
2022-12-21,123.45999908447266,57.70000076293945,108.38999938964844
2022-12-22,121.58999633789062,56.91999816894531,108.16000366210938
2022-12-23,120.13999938964844,56.939998626708984,108.4000015258789
2022-12-27,120.22000122070312,58.040000915527344,109.05000305175781
2022-12-28,118.29000091552734,58.2599983215332,110.0999984741211
2022-12-29,120.56999969482422,58.029998779296875,110.76000213623047
2022-12-30,119.91999816894531,57.439998626708984,110.12000274658203
2023-01-03,122.47000122070312,59.09000015258789,111.33000183105469
2023-01-04,125.1500015258789,60.79999923706055,111.94000244140625
2023-01-05,122.95999908447266,60.470001220703125,111.70999908447266
2023-01-06,126.72000122070312,61.68000030517578,112.73999786376953
2023-01-09,126.79000091552734,63.099998474121094,113.66999816894531
2023-01-10,128.1300048828125,60.599998474121094,114.08000183105469
2023-01-11,129.1199951171875,62.75,115.69000244140625
2023-01-12,129.35000610351562,62.810001373291016,112.38999938964844
2023-01-13,129.50999450683594,62.220001220703125,113.88999938964844
2023-01-17,126.5999984741211,61.790000915527344,114.27999877929688
2023-01-18,122.75,61.02000045776367,113.58000183105469
2023-01-19,118.43000030517578,59.880001068115234,112.31999969482422
2023-01-20,120.6500015258789,59.16999816894531,113.04000091552734
2023-01-23,122.62000274658203,60.209999084472656,114.69999694824219
2023-01-24,115.0,60.9900016784668,113.66000366210938
2023-01-25,112.93000030517578,60.54999923706055,112.23999786376953
2023-01-26,113.55000305175781,60.88999938964844,111.62000274658203
2023-01-27,115.25,60.63999938964844,111.26000213623047
2023-01-30,112.58000183105469,61.119998931884766,110.66999816894531
2023-01-31,115.08000183105469,68.12000274658203,110.66000366210938
2023-02-01,115.86000061035156,70.22000122070312,112.08999633789062
2023-02-02,120.29000091552734,71.87000274658203,112.37000274658203
2023-02-03,117.48999786376953,70.16999816894531,112.33000183105469
2023-02-06,116.5,68.55000305175781,111.69000244140625
2023-02-07,116.9000015258789,67.1500015258789,112.41000366210938
2023-02-08,115.25,66.7699966430664,111.87000274658203
2023-02-09,112.93000030517578,67.26000213623047,111.2699966430664
2023-02-10,113.87999725341797,66.33000183105469,108.9000015258789
2023-02-13,115.27999877929688,68.08999633789062,109.13999938964844
2023-02-14,114.20999908447266,68.12999725341797,108.33999633789062
2023-02-15,114.79000091552734,68.08000183105469,107.30999755859375
2023-02-16,112.0,68.19000244140625,107.38999938964844
2023-02-17,112.98999786376953,67.4800033569336,106.95999908447266
2023-02-21,109.25,67.16000366210938,106.13999938964844
2023-02-22,108.94000244140625,66.29000091552734,103.8499984741211
2023-02-23,108.91000366210938,66.1500015258789,103.77999877929688
2023-02-24,107.80000305175781,65.4000015258789,101.80000305175781
2023-02-27,108.2699966430664,66.25,101.30999755859375
2023-02-28,107.73999786376953,66.06999969482422,102.41999816894531
2023-03-01,110.20999908447266,66.97000122070312,101.36000061035156
2023-03-02,109.9000015258789,67.79000091552734,102.9800033569336
2023-03-03,111.26000213623047,68.19000244140625,104.51000213623047
2023-03-06,109.93000030517578,68.23999786376953,104.5999984741211
2023-03-07,107.08999633789062,67.33999633789062,103.0999984741211
2023-03-08,107.16000366210938,67.08999633789062,100.2699966430664
2023-03-09,105.5199966430664,68.58999633789062,99.97000122070312
2023-03-10,104.05999755859375,67.80000305175781,98.4000015258789
2023-03-13,103.5,66.37999725341797,99.19999694824219
2023-03-14,102.77999877929688,67.68000030517578,99.5
2023-03-15,102.77999877929688,66.93000030517578,97.94000244140625
2023-03-16,104.20999908447266,67.4800033569336,99.27999877929688
2023-03-17,103.0199966430664,67.33000183105469,99.19999694824219
2023-03-20,104.30999755859375,67.05000305175781,98.19999694824219
2023-03-21,104.29000091552734,67.66999816894531,98.41000366210938
2023-03-22,101.54000091552734,68.19999694824219,99.30999755859375
2023-03-23,101.0,67.5,97.80999755859375
2023-03-24,101.13999938964844,66.7699966430664,98.08000183105469
2023-03-27,101.48999786376953,67.97000122070312,99.4800033569336
2023-03-28,101.73999786376953,68.63999938964844,98.23999786376953
2023-03-29,103.19000244140625,69.0999984741211,98.73999786376953
2023-03-30,102.77999877929688,69.5,99.4800033569336
2023-03-31,105.11000061035156,69.19999694824219,101.41000366210938
2023-04-03,104.56999969482422,69.18000030517578,101.66000366210938
2023-04-04,102.25,68.83999633789062,103.33999633789062
2023-04-05,102.29000091552734,66.22000122070312,104.29000091552734
2023-04-06,101.55999755859375,64.7699966430664,105.55000305175781
2023-04-10,102.76000213623047,65.5,104.91000366210938
2023-04-11,104.55999755859375,66.26000213623047,104.69999694824219
2023-04-12,104.37000274658203,66.52999877929688,103.83999633789062
2023-04-13,106.1500015258789,66.52999877929688,103.70999908447266
2023-04-14,105.7699966430664,67.86000061035156,104.3499984741211
2023-04-17,106.77999877929688,67.68000030517578,104.8499984741211
2023-04-18,106.2699966430664,68.61000061035156,105.69999694824219
2023-04-19,106.08000183105469,68.75,112.69999694824219
2023-04-20,104.7300033569336,68.83000183105469,112.29000091552734
2023-04-21,104.4800033569336,69.19000244140625,112.12000274658203
2023-04-24,105.05999755859375,69.38999938964844,111.75
2023-04-25,104.37000274658203,69.5,110.52999877929688
2023-04-26,102.91999816894531,68.70999908447266,109.41999816894531
2023-04-27,105.33000183105469,69.98999786376953,109.54000091552734
